{
  "index.html": 1747946956281,
  "Component.js": 1747946956281,
  "test/integration/pages/RiskList.js": 1747946956281,
  "test/integration/opaTests.qunit.js": 1747946956281,
  "test/integration/FirstJourney.js": 1747946956281,
  "test/testsuite.qunit.js": 1747946956281,
  "xs-app.json": 1747947047034,
  "manifest.json": 1747946956281,
  "test/integration/pages/RiskObjectPage.js": 1747946956281,
  "test/testsuite.qunit-dbg.js": 1747946956281,
  "test/testsuite.qunit.js.map": 1747947056269,
  "test/integration/pages/RiskList-dbg.js": 1747946956281,
  "test/integration/pages/RiskList.js.map": 1747947056267,
  "test/integration/opaTests.qunit-dbg.js": 1747946956281,
  "test/integration/opaTests.qunit.js.map": 1747947056267,
  "test/integration/FirstJourney-dbg.js": 1747946956281,
  "test/integration/FirstJourney.js.map": 1747947056266,
  "Component-dbg.js": 1747946956281,
  "Component.js.map": 1747947056269,
  "test/integration/pages/RiskObjectPage-dbg.js": 1747946956281,
  "test/integration/pages/RiskObjectPage.js.map": 1747947056269,
  "Component-preload.js": 1747947056372,
  "Component-preload.js.map": 1747947056372,
  "test/integration/opaTests.qunit.html": 1747946956281,
  "test/testsuite.qunit.html": 1747946956281,
  "test/flpSandbox.html": 1747946956281,
  "i18n/i18n.properties": 1747946956281
}