{
  "test/integration/pages/RiskList.js.map": 1747945958871,
  "test/integration/pages/RiskObjectPage.js": 1747943197279,
  "test/integration/pages/RiskList.js": 1747943197279,
  "test/integration/opaTests.qunit.js": 1747943197143,
  "test/integration/FirstJourney.js": 1747943197311,
  "test/testsuite.qunit.js": 1747943197107,
  "xs-app.json": 1747945941485,
  "manifest.json": 1747945941561,
  "Component.js": 1747943196779,
  "Component-dbg.js": 1747943196779,
  "Component.js.map": 1747945958923,
  "test/integration/pages/RiskList-dbg.js": 1747943197279,
  "i18n/i18n.properties": 1747943250951,
  "test/integration/opaTests.qunit-dbg.js": 1747943197143,
  "test/integration/opaTests.qunit.js.map": 1747945958871,
  "test/integration/FirstJourney-dbg.js": 1747943197311,
  "test/integration/FirstJourney.js.map": 1747945958932,
  "test/testsuite.qunit-dbg.js": 1747943197107,
  "test/testsuite.qunit.js.map": 1747945958873,
  "test/integration/pages/RiskObjectPage-dbg.js": 1747943197279,
  "test/integration/pages/RiskObjectPage.js.map": 1747945958873,
  "Component-preload.js": 1747945958996,
  "Component-preload.js.map": 1747945958996,
  "test/integration/opaTests.qunit.html": 1747943197143,
  "test/testsuite.qunit.html": 1747943197075,
  "test/flpSandbox.html": 1747943197071,
  "index.html": 1747943196799
}